model,dataset,patch_size,rep,timing_D
mobilenetv2,cifar10,20,0,3.9385233423188573
mobilenetv2,cifar10,20,1,0.5340126611153867
mobilenetv2,cifar10,20,2,0.5153443919351295
mobilenetv2,cifar10,20,3,1.1108797615455717
mobilenetv2,cifar10,20,4,0.3863345794631621
mobilenetv2,cifar10,50,0,1.9230590142025592
mobilenetv2,cifar10,50,1,4.958876481757935
mobilenetv2,cifar10,50,2,0.4448158487208335
mobilenetv2,cifar10,50,3,0.7218200453104243
mobilenetv2,cifar10,50,4,2.7720765551895035
mobilenetv2,cifar10,80,0,1.342359530443529
mobilenetv2,cifar10,80,1,1.9898473525195954
mobilenetv2,cifar10,80,2,4.004377083175608
mobilenetv2,cifar10,80,3,2.9110752584788497
mobilenetv2,cifar10,80,4,0.3999833705779628
mobilenetv2,cifar10,112,0,0.7893780525768914
mobilenetv2,cifar10,112,1,0.48916171120853047
mobilenetv2,cifar10,112,2,1.0214048820190376
mobilenetv2,cifar10,112,3,3.137418351700905
mobilenetv2,cifar10,112,4,0.5523236329432922
mobilenetv2,tinyimagenet,20,0,0.7970008051294535
mobilenetv2,tinyimagenet,20,1,0.0862631896577132
mobilenetv2,tinyimagenet,20,2,1.2115031459299992
mobilenetv2,tinyimagenet,20,3,1.6295918795932802
mobilenetv2,tinyimagenet,20,4,0.4541005679720538
mobilenetv2,tinyimagenet,50,0,0.2189988522305512
mobilenetv2,tinyimagenet,50,1,0.12485335214817803
mobilenetv2,tinyimagenet,50,2,0.16108307048854417
mobilenetv2,tinyimagenet,50,3,2.1601747811120364
mobilenetv2,tinyimagenet,50,4,1.0488497910536838
mobilenetv2,tinyimagenet,80,0,0.9641390003934561
mobilenetv2,tinyimagenet,80,1,0.11787172915461444
mobilenetv2,tinyimagenet,80,2,0.23056881570121227
mobilenetv2,tinyimagenet,80,3,0.9310562832171061
mobilenetv2,tinyimagenet,80,4,0.32474890729710143
mobilenetv2,tinyimagenet,112,0,0.2677136580407202
mobilenetv2,tinyimagenet,112,1,0.22925046387055256
mobilenetv2,tinyimagenet,112,2,0.2120996881869455
mobilenetv2,tinyimagenet,112,3,0.36882369330555637
mobilenetv2,tinyimagenet,112,4,0.7323522459064342
mobilenetv2,imagenetmini,20,0,1.0327794030511026
mobilenetv2,imagenetmini,20,1,0.132030923630441
mobilenetv2,imagenetmini,20,2,0.9425115776961985
mobilenetv2,imagenetmini,20,3,0.475315303717656
mobilenetv2,imagenetmini,20,4,0.03717527367758852
mobilenetv2,imagenetmini,50,0,1.598586733234187
mobilenetv2,imagenetmini,50,1,0.29258838074525934
mobilenetv2,imagenetmini,50,2,0.3539140353883763
mobilenetv2,imagenetmini,50,3,0.10759231420031483
mobilenetv2,imagenetmini,50,4,1.1453677914398335
mobilenetv2,imagenetmini,80,0,0.3093258014779603
mobilenetv2,imagenetmini,80,1,0.11518254961395293
mobilenetv2,imagenetmini,80,2,1.6223304281023248
mobilenetv2,imagenetmini,80,3,0.04557429234903679
mobilenetv2,imagenetmini,80,4,0.04311555661056951
mobilenetv2,imagenetmini,112,0,1.073303747404977
mobilenetv2,imagenetmini,112,1,2.876077251392768
mobilenetv2,imagenetmini,112,2,0.407692943563295
mobilenetv2,imagenetmini,112,3,0.254914518669041
mobilenetv2,imagenetmini,112,4,1.0232935105097098
mobilenetv2,synthetic,20,0,2.208356817416682
mobilenetv2,synthetic,20,1,0.7297487173446681
mobilenetv2,synthetic,20,2,0.07262140611733066
mobilenetv2,synthetic,20,3,1.1692353875940054
mobilenetv2,synthetic,20,4,1.1784752330395605
mobilenetv2,synthetic,50,0,10.61621090516948
mobilenetv2,synthetic,50,1,0.5960320532004627
mobilenetv2,synthetic,50,2,0.34166247719398024
mobilenetv2,synthetic,50,3,1.4767612805546397
mobilenetv2,synthetic,50,4,1.2357640765906934
mobilenetv2,synthetic,80,0,0.6860461131461365
mobilenetv2,synthetic,80,1,1.119775221195518
mobilenetv2,synthetic,80,2,0.5908122757723757
mobilenetv2,synthetic,80,3,1.263181892259589
mobilenetv2,synthetic,80,4,0.8728485423871777
mobilenetv2,synthetic,112,0,1.4176582918754022
mobilenetv2,synthetic,112,1,1.7434712826021213
mobilenetv2,synthetic,112,2,0.3945644483327392
mobilenetv2,synthetic,112,3,1.885537917621281
mobilenetv2,synthetic,112,4,1.2052521270350502
squeezenet,cifar10,20,0,1.5027851556388134
squeezenet,cifar10,20,1,1.0732973822617284
squeezenet,cifar10,20,2,0.3195937756213743
squeezenet,cifar10,20,3,1.1868687992037479
squeezenet,cifar10,20,4,0.635818472860694
squeezenet,cifar10,50,0,0.4355727362695072
squeezenet,cifar10,50,1,1.049001772971284
squeezenet,cifar10,50,2,1.0790527354255217
squeezenet,cifar10,50,3,1.298920861661947
squeezenet,cifar10,50,4,1.7652323813020119
squeezenet,cifar10,80,0,1.030884225722178
squeezenet,cifar10,80,1,1.6758495638566553
squeezenet,cifar10,80,2,1.6925326920949662
squeezenet,cifar10,80,3,1.02370723092511
squeezenet,cifar10,80,4,0.36954348684992044
squeezenet,cifar10,112,0,0.23517056418046742
squeezenet,cifar10,112,1,0.9879111212976001
squeezenet,cifar10,112,2,1.3985122522009386
squeezenet,cifar10,112,3,0.09666997862610911
squeezenet,cifar10,112,4,0.8932884653945958
squeezenet,tinyimagenet,20,0,0.034211939259707315
squeezenet,tinyimagenet,20,1,0.9013353260886913
squeezenet,tinyimagenet,20,2,1.8040831901943184
squeezenet,tinyimagenet,20,3,0.1915276636550965
squeezenet,tinyimagenet,20,4,0.057045625466879454
squeezenet,tinyimagenet,50,0,0.016232785815983735
squeezenet,tinyimagenet,50,1,1.9917340348215438
squeezenet,tinyimagenet,50,2,0.142763234114346
squeezenet,tinyimagenet,50,3,2.839314138038857
squeezenet,tinyimagenet,50,4,3.1917388048806914
squeezenet,tinyimagenet,80,0,5.271305239203162
squeezenet,tinyimagenet,80,1,2.6868043424297134
squeezenet,tinyimagenet,80,2,3.1296403233819787
squeezenet,tinyimagenet,80,3,2.4065909684828846
squeezenet,tinyimagenet,80,4,1.1394442303294545
squeezenet,tinyimagenet,112,0,0.5893511486047819
squeezenet,tinyimagenet,112,1,1.1011585445912475
squeezenet,tinyimagenet,112,2,1.9859896200892695
squeezenet,tinyimagenet,112,3,1.2132524517440404
squeezenet,tinyimagenet,112,4,0.9938165754734613
squeezenet,imagenetmini,20,0,6.85308067207157
squeezenet,imagenetmini,20,1,5.872747375212509
squeezenet,imagenetmini,20,2,5.352031429384658
squeezenet,imagenetmini,20,3,6.232382094577615
squeezenet,imagenetmini,20,4,7.0722727117688535
squeezenet,imagenetmini,50,0,5.817604475046492
squeezenet,imagenetmini,50,1,8.889105946499262
squeezenet,imagenetmini,50,2,6.862458476575252
squeezenet,imagenetmini,50,3,8.298717207938017
squeezenet,imagenetmini,50,4,5.402412752688023
squeezenet,imagenetmini,80,0,7.556078260701563
squeezenet,imagenetmini,80,1,7.072013606026273
squeezenet,imagenetmini,80,2,7.676248067177698
squeezenet,imagenetmini,80,3,5.670245568011546
squeezenet,imagenetmini,80,4,6.7191210071925624
squeezenet,imagenetmini,112,0,5.319894892954559
squeezenet,imagenetmini,112,1,9.405735889632917
squeezenet,imagenetmini,112,2,4.630647821569234
squeezenet,imagenetmini,112,3,6.204597966319125
squeezenet,imagenetmini,112,4,7.315328307819781
squeezenet,synthetic,20,0,3.2552301202706126
squeezenet,synthetic,20,1,2.3740955601734695
squeezenet,synthetic,20,2,3.8288020704948473
squeezenet,synthetic,20,3,2.957318143800355
squeezenet,synthetic,20,4,3.9367044168703877
squeezenet,synthetic,50,0,3.984122655794121
squeezenet,synthetic,50,1,3.6273966849324513
squeezenet,synthetic,50,2,2.4751337193327814
squeezenet,synthetic,50,3,4.18880564775346
squeezenet,synthetic,50,4,3.8304252151283578
squeezenet,synthetic,80,0,3.207946184495034
squeezenet,synthetic,80,1,3.571183298224968
squeezenet,synthetic,80,2,5.789756337790583
squeezenet,synthetic,80,3,3.819033433222551
squeezenet,synthetic,80,4,3.5926397491523825
squeezenet,synthetic,112,0,3.4984470172641124
squeezenet,synthetic,112,1,4.610492323641036
squeezenet,synthetic,112,2,3.052407504141377
squeezenet,synthetic,112,3,3.8925242060059406
squeezenet,synthetic,112,4,4.614977885814822
resnet18,cifar10,20,0,4.247359028497354
resnet18,cifar10,20,1,3.587389826096842
resnet18,cifar10,20,2,3.780054167846586
resnet18,cifar10,20,3,4.253185740315047
resnet18,cifar10,20,4,3.0272631989728365
resnet18,cifar10,50,0,4.421954408490847
resnet18,cifar10,50,1,2.1106036595321
resnet18,cifar10,50,2,3.5540089643164747
resnet18,cifar10,50,3,3.1066419850928626
resnet18,cifar10,50,4,3.621016929471599
resnet18,cifar10,80,0,2.650125777801384
resnet18,cifar10,80,1,3.6903155417220255
resnet18,cifar10,80,2,3.1109324422186915
resnet18,cifar10,80,3,3.607564795752843
resnet18,cifar10,80,4,2.486630226473948
resnet18,cifar10,112,0,3.8310706784339814
resnet18,cifar10,112,1,3.1613135445854876
resnet18,cifar10,112,2,2.677693600916165
resnet18,cifar10,112,3,2.3528176970127546
resnet18,cifar10,112,4,6.18580067252227
resnet18,tinyimagenet,20,0,6.672345908070256
resnet18,tinyimagenet,20,1,11.556137989756152
resnet18,tinyimagenet,20,2,6.185515159507195
resnet18,tinyimagenet,20,3,6.67824166882802
resnet18,tinyimagenet,20,4,7.192998274257386
resnet18,tinyimagenet,50,0,11.564422129469389
resnet18,tinyimagenet,50,1,4.778366664460077
resnet18,tinyimagenet,50,2,8.52191418054531
resnet18,tinyimagenet,50,3,6.1234648508298966
resnet18,tinyimagenet,50,4,6.735176070082737
resnet18,tinyimagenet,80,0,7.245109192439206
resnet18,tinyimagenet,80,1,8.225731389052703
resnet18,tinyimagenet,80,2,6.597233993930132
resnet18,tinyimagenet,80,3,7.692907126036534
resnet18,tinyimagenet,80,4,5.562263226677013
resnet18,tinyimagenet,112,0,7.287150045836269
resnet18,tinyimagenet,112,1,6.677674794207372
resnet18,tinyimagenet,112,2,8.542199668957362
resnet18,tinyimagenet,112,3,6.562901091164862
resnet18,tinyimagenet,112,4,9.569584440122636
resnet18,imagenetmini,20,0,4.499169225511025
resnet18,imagenetmini,20,1,5.02620545084905
resnet18,imagenetmini,20,2,3.366081676359038
resnet18,imagenetmini,20,3,6.865035696653948
resnet18,imagenetmini,20,4,5.090704335539754
resnet18,imagenetmini,50,0,6.181930197198402
resnet18,imagenetmini,50,1,4.488062860505037
resnet18,imagenetmini,50,2,5.002547614961493
resnet18,imagenetmini,50,3,4.329439874220126
resnet18,imagenetmini,50,4,7.871545616715266
resnet18,imagenetmini,80,0,3.599686603895106
resnet18,imagenetmini,80,1,5.696286837332148
resnet18,imagenetmini,80,2,4.278184943112667
resnet18,imagenetmini,80,3,6.761818563615023
resnet18,imagenetmini,80,4,2.972975790738452
resnet18,imagenetmini,112,0,5.6048620065632875
resnet18,imagenetmini,112,1,4.927929606361786
resnet18,imagenetmini,112,2,4.409457319537446
resnet18,imagenetmini,112,3,4.092853639545421
resnet18,imagenetmini,112,4,4.63241361528405
resnet18,synthetic,20,0,13.644225531227699
resnet18,synthetic,20,1,14.775055707087814
resnet18,synthetic,20,2,17.64834606332044
resnet18,synthetic,20,3,15.243748005232515
resnet18,synthetic,20,4,10.819279853664005
resnet18,synthetic,50,0,11.228445328890901
resnet18,synthetic,50,1,11.199082334898831
resnet18,synthetic,50,2,13.758609852299871
resnet18,synthetic,50,3,11.147761679102773
resnet18,synthetic,50,4,13.175740084667554
resnet18,synthetic,80,0,11.099171641613802
resnet18,synthetic,80,1,13.61384627615826
resnet18,synthetic,80,2,11.285310689248314
resnet18,synthetic,80,3,12.058005910231326
resnet18,synthetic,80,4,12.133549143639472
resnet18,synthetic,112,0,13.69361646370737
resnet18,synthetic,112,1,10.164965017808003
resnet18,synthetic,112,2,12.551139655205702
resnet18,synthetic,112,3,9.89884339305089
resnet18,synthetic,112,4,13.4075220862982
efficientnet,cifar10,20,0,4.988637909494459
efficientnet,cifar10,20,1,5.043627669048966
efficientnet,cifar10,20,2,6.11090921789477
efficientnet,cifar10,20,3,5.862374037660843
efficientnet,cifar10,20,4,4.561228381118563
efficientnet,cifar10,50,0,3.939835251239032
efficientnet,cifar10,50,1,5.660776224869974
efficientnet,cifar10,50,2,3.910459591978859
efficientnet,cifar10,50,3,3.1453633757311072
efficientnet,cifar10,50,4,1.9545058815456797
efficientnet,cifar10,80,0,2.3028199471679374
efficientnet,cifar10,80,1,3.5625071894890197
efficientnet,cifar10,80,2,4.914752552557214
efficientnet,cifar10,80,3,6.639948715493056
efficientnet,cifar10,80,4,7.246393833218193
efficientnet,cifar10,112,0,5.696943563711475
efficientnet,cifar10,112,1,6.600232790097159
efficientnet,cifar10,112,2,5.057616472027422
efficientnet,cifar10,112,3,4.571664041340359
efficientnet,cifar10,112,4,4.828774528835025
efficientnet,tinyimagenet,20,0,6.869051188510151
efficientnet,tinyimagenet,20,1,7.265613300188773
efficientnet,tinyimagenet,20,2,6.881083722680535
efficientnet,tinyimagenet,20,3,6.945445264954546
efficientnet,tinyimagenet,20,4,5.482975778612643
efficientnet,tinyimagenet,50,0,6.36188738718224
efficientnet,tinyimagenet,50,1,6.041977411659603
efficientnet,tinyimagenet,50,2,5.287069264815832
efficientnet,tinyimagenet,50,3,7.642054676686154
efficientnet,tinyimagenet,50,4,6.451498560567076
efficientnet,tinyimagenet,80,0,5.335267158423713
efficientnet,tinyimagenet,80,1,5.275842853443871
efficientnet,tinyimagenet,80,2,5.432180680730689
efficientnet,tinyimagenet,80,3,6.053564595678674
efficientnet,tinyimagenet,80,4,4.609644235639795
efficientnet,tinyimagenet,112,0,5.8124493336764385
efficientnet,tinyimagenet,112,1,4.322839249579408
efficientnet,tinyimagenet,112,2,4.5073193739131066
efficientnet,tinyimagenet,112,3,4.803901416508311
efficientnet,tinyimagenet,112,4,3.309521354354216
efficientnet,imagenetmini,20,0,4.009413155544444
efficientnet,imagenetmini,20,1,4.438876232943273
efficientnet,imagenetmini,20,2,4.864360854944425
efficientnet,imagenetmini,20,3,3.9486070709366925
efficientnet,imagenetmini,20,4,5.797674572886946
efficientnet,imagenetmini,50,0,4.336540383805559
efficientnet,imagenetmini,50,1,3.0864583410069093
efficientnet,imagenetmini,50,2,3.62219858896627
efficientnet,imagenetmini,50,3,4.909851952271404
efficientnet,imagenetmini,50,4,5.48677949433922
efficientnet,imagenetmini,80,0,4.48618359137383
efficientnet,imagenetmini,80,1,5.013453192856943
efficientnet,imagenetmini,80,2,4.971015866938686
efficientnet,imagenetmini,80,3,5.041957373387519
efficientnet,imagenetmini,80,4,4.493824926044913
efficientnet,imagenetmini,112,0,2.7300911858597963
efficientnet,imagenetmini,112,1,2.5186861673675645
efficientnet,imagenetmini,112,2,4.654811119363849
efficientnet,imagenetmini,112,3,5.362818527668312
efficientnet,imagenetmini,112,4,4.1235727790990255
efficientnet,synthetic,20,0,2.2506114017301018
efficientnet,synthetic,20,1,0.44479825555588604
efficientnet,synthetic,20,2,2.991415046139723
efficientnet,synthetic,20,3,2.9427494666817853
efficientnet,synthetic,20,4,2.859918047088361
efficientnet,synthetic,50,0,2.4318833359673535
efficientnet,synthetic,50,1,4.905407225931491
efficientnet,synthetic,50,2,3.401740856660064
efficientnet,synthetic,50,3,2.077078335805917
efficientnet,synthetic,50,4,0.33004245577390023
efficientnet,synthetic,80,0,0.8656432999867836
efficientnet,synthetic,80,1,2.177164131072663
efficientnet,synthetic,80,2,2.4723201545646507
efficientnet,synthetic,80,3,2.6650520128140296
efficientnet,synthetic,80,4,2.335048481313436
efficientnet,synthetic,112,0,2.1574922538309735
efficientnet,synthetic,112,1,0.2572686629460668
efficientnet,synthetic,112,2,1.1275504236738787
efficientnet,synthetic,112,3,1.9988436080612653
efficientnet,synthetic,112,4,2.5910047674348045
