query,d_score,best_so_far
1,2.6564691435006966,2.6564691435006966
2,2.684429211883368,2.6564691435006966
3,0.39307974547704577,0.39307974547704577
4,2.558792260940866,0.39307974547704577
5,3.7039211602555238,0.39307974547704577
6,0.7613616341062253,0.39307974547704577
7,3.579254960426401,0.39307974547704577
8,6.33892888368864,0.39307974547704577
9,0.8750232410706066,0.39307974547704577
10,0.7065464084536275,0.39307974547704577
11,1.830245476410529,0.39307974547704577
12,0.7395936637437026,0.39307974547704577
13,0.13951407377881953,0.13951407377881953
14,1.9968981137000748,0.13951407377881953
15,1.193256212242844,0.13951407377881953
16,2.2149892632267174,0.13951407377881953
17,1.2271335735318991,0.13951407377881953
18,0.7786669838948024,0.13951407377881953
19,1.791483521433781,0.13951407377881953
20,1.3792542764672109,0.13951407377881953
21,1.9566148958214944,0.13951407377881953
22,4.133000485841953,0.13951407377881953
23,4.549844769288224,0.13951407377881953
24,2.4293149336595534,0.13951407377881953
25,3.8158322254454196,0.13951407377881953
26,3.9276355314591775,0.13951407377881953
27,1.2350571210588897,0.13951407377881953
28,0.43008045987196336,0.13951407377881953
29,2.834913286696163,0.13951407377881953
30,0.15559721827502476,0.13951407377881953
31,1.3490256053589291,0.13951407377881953
32,0.8072444754321503,0.13951407377881953
33,1.3041462236862347,0.13951407377881953
34,0.8676783914003825,0.13951407377881953
35,0.23064211206213034,0.13951407377881953
36,1.9622394195544142,0.13951407377881953
37,0.16447750550848056,0.13951407377881953
38,0.33961928968311894,0.13951407377881953
39,1.84728427135759,0.13951407377881953
40,1.4263821372769196,0.13951407377881953
41,1.745867046695243,0.13951407377881953
42,3.9475065597594226,0.13951407377881953
43,1.8010828349748882,0.13951407377881953
44,3.112462907763558,0.13951407377881953
45,3.672511612735388,0.13951407377881953
46,1.456356138357036,0.13951407377881953
47,2.1764639386753273,0.13951407377881953
48,3.7227595665460584,0.13951407377881953
49,1.364878351519954,0.13951407377881953
50,3.0371516832741654,0.13951407377881953
51,2.923500038011227,0.13951407377881953
52,0.9347135736243157,0.13951407377881953
53,5.862505041672541,0.13951407377881953
54,0.4410746295307322,0.13951407377881953
55,0.46722518193818324,0.13951407377881953
56,1.339397639778016,0.13951407377881953
57,2.9650139054148967,0.13951407377881953
58,2.6491835272930313,0.13951407377881953
59,2.3642710691132187,0.13951407377881953
60,3.7336570197550554,0.13951407377881953
61,1.3541201858897969,0.13951407377881953
62,1.8061339193703232,0.13951407377881953
63,1.3183039255191367,0.13951407377881953
64,1.0796593299983905,0.13951407377881953
65,1.3873097715547027,0.13951407377881953
66,1.2981209771126434,0.13951407377881953
67,1.0498961260247608,0.13951407377881953
68,1.3499096133818898,0.13951407377881953
69,2.250319115296819,0.13951407377881953
70,1.0804749182210807,0.13951407377881953
71,2.3367172559929412,0.13951407377881953
72,4.915262155752581,0.13951407377881953
73,1.2692667375096425,0.13951407377881953
74,1.6954079605177736,0.13951407377881953
75,2.3581287180083192,0.13951407377881953
76,3.409656485583158,0.13951407377881953
77,3.236559593050222,0.13951407377881953
78,2.9836929543377275,0.13951407377881953
79,4.622100149938316,0.13951407377881953
80,4.146274769726494,0.13951407377881953
81,3.8954662141034504,0.13951407377881953
82,4.9791124445016415,0.13951407377881953
83,2.577556572082964,0.13951407377881953
84,2.3610886382075713,0.13951407377881953
85,0.3467248419935555,0.13951407377881953
86,1.4290705383445677,0.13951407377881953
87,0.16165375455802497,0.13951407377881953
88,1.991006269251531,0.13951407377881953
89,0.4895091080627235,0.13951407377881953
90,1.9158876556635531,0.13951407377881953
91,2.39307886648555,0.13951407377881953
92,0.39817656659144157,0.13951407377881953
93,2.028747022885677,0.13951407377881953
94,1.852365712109425,0.13951407377881953
95,1.5167923259639031,0.13951407377881953
96,3.2001128047882066,0.13951407377881953
97,2.4217511562869007,0.13951407377881953
98,2.043266082147395,0.13951407377881953
99,3.925146614206294,0.13951407377881953
100,5.735437182707878,0.13951407377881953
101,2.797689311645754,0.13951407377881953
102,3.9353924946899896,0.13951407377881953
103,3.438807163897194,0.13951407377881953
104,1.7282401212584486,0.13951407377881953
105,1.7497043654583877,0.13951407377881953
106,4.377272232312492,0.13951407377881953
107,5.847692879595826,0.13951407377881953
108,4.18323414712658,0.13951407377881953
109,5.811613988531402,0.13951407377881953
110,0.8188151375431622,0.13951407377881953
111,1.1557922352440386,0.13951407377881953
112,1.1070138736144532,0.13951407377881953
113,1.831822712365566,0.13951407377881953
114,0.09816384571405976,0.09816384571405976
115,1.8866774913096631,0.09816384571405976
116,2.405392243671056,0.09816384571405976
117,2.981175721977583,0.09816384571405976
118,6.742576079378293,0.09816384571405976
119,3.3882891029064908,0.09816384571405976
120,2.900497513071702,0.09816384571405976
121,4.588761525358235,0.09816384571405976
122,2.741632476408477,0.09816384571405976
123,1.8892653625654054,0.09816384571405976
124,3.000794641842323,0.09816384571405976
125,2.048372335584809,0.09816384571405976
126,1.2189176868829408,0.09816384571405976
127,8.134767886428701,0.09816384571405976
128,1.3437231314365763,0.09816384571405976
129,0.5514269136813816,0.09816384571405976
130,2.4795426424856886,0.09816384571405976
131,2.2114293176897646,0.09816384571405976
132,3.029062842175289,0.09816384571405976
133,2.7297851683071044,0.09816384571405976
134,6.353946642994277,0.09816384571405976
135,4.510011813840864,0.09816384571405976
136,4.696354313717965,0.09816384571405976
137,2.731945690208805,0.09816384571405976
138,2.5897232716482432,0.09816384571405976
139,1.2366082602947859,0.09816384571405976
140,1.7063586599863327,0.09816384571405976
141,3.0447878923376774,0.09816384571405976
142,3.5356780340323493,0.09816384571405976
143,1.4517659637042197,0.09816384571405976
144,0.09767114062438877,0.09767114062438877
145,1.1323240206166747,0.09767114062438877
146,2.5038884679817484,0.09767114062438877
147,2.4233328005890082,0.09767114062438877
148,0.4559597016322644,0.09767114062438877
149,2.700726621455204,0.09767114062438877
150,1.5620719244844836,0.09767114062438877
151,4.2573406197328,0.09767114062438877
152,6.135442603498071,0.09767114062438877
153,5.164447578591481,0.09767114062438877
154,7.6208844200708565,0.09767114062438877
155,6.616744610801601,0.09767114062438877
156,4.682183470510063,0.09767114062438877
157,4.643260778942203,0.09767114062438877
158,4.409398915650338,0.09767114062438877
159,3.776565359777138,0.09767114062438877
160,2.3743746299025674,0.09767114062438877
161,5.67040104956213,0.09767114062438877
162,4.935162658302156,0.09767114062438877
163,3.783142624518158,0.09767114062438877
164,6.814001128690671,0.09767114062438877
165,4.021069475981229,0.09767114062438877
166,2.8255312706214006,0.09767114062438877
167,4.305277353553448,0.09767114062438877
168,1.5197982055796528,0.09767114062438877
169,2.0173125551570354,0.09767114062438877
170,2.4070705922088473,0.09767114062438877
171,4.110043965517426,0.09767114062438877
172,3.0244028254913653,0.09767114062438877
173,4.927380158396228,0.09767114062438877
174,1.5957665020183758,0.09767114062438877
175,1.3210473666504596,0.09767114062438877
176,1.2742094968799096,0.09767114062438877
177,0.695987605003383,0.09767114062438877
178,1.4283308141073037,0.09767114062438877
179,2.500691180971153,0.09767114062438877
180,0.8767468443483659,0.09767114062438877
181,0.12692262233413243,0.09767114062438877
182,1.8985304562718126,0.09767114062438877
183,3.8194322359096606,0.09767114062438877
184,4.171508216560611,0.09767114062438877
185,4.883379995496919,0.09767114062438877
186,0.511308917103436,0.09767114062438877
187,4.692832195328259,0.09767114062438877
188,8.193564140340587,0.09767114062438877
189,5.547426433638807,0.09767114062438877
190,4.885803677399279,0.09767114062438877
191,6.8632751065299,0.09767114062438877
192,5.23872671486066,0.09767114062438877
193,3.546551328023885,0.09767114062438877
194,3.8974876346309593,0.09767114062438877
195,1.6194872330191408,0.09767114062438877
196,2.1853024657869904,0.09767114062438877
197,5.08999310381113,0.09767114062438877
198,2.362496834632238,0.09767114062438877
199,2.37851997667495,0.09767114062438877
200,5.874842496482458,0.09767114062438877
201,2.6830158376634605,0.09767114062438877
202,2.4876644491481437,0.09767114062438877
203,3.3142847738659484,0.09767114062438877
204,0.44593775259941965,0.09767114062438877
205,3.1890597484635457,0.09767114062438877
206,5.778011918251643,0.09767114062438877
207,3.5352575727504423,0.09767114062438877
208,2.9643485992759264,0.09767114062438877
209,2.7227137767759992,0.09767114062438877
210,4.674197591533161,0.09767114062438877
211,3.729114738689462,0.09767114062438877
212,1.7120942032966844,0.09767114062438877
213,1.5438265051350946,0.09767114062438877
214,0.3558702095837214,0.09767114062438877
215,0.03464896110901819,0.03464896110901819
216,0.36861275682439243,0.03464896110901819
217,0.8654767869357692,0.03464896110901819
218,0.880792000370442,0.03464896110901819
219,3.366859468703895,0.03464896110901819
220,2.218828513452957,0.03464896110901819
221,1.856167526328957,0.03464896110901819
222,4.738282824299353,0.03464896110901819
223,7.118577547261498,0.03464896110901819
224,3.1477984719651473,0.03464896110901819
225,4.802759397667936,0.03464896110901819
226,2.2019173909081466,0.03464896110901819
227,2.130345492289452,0.03464896110901819
228,4.194712015995858,0.03464896110901819
229,1.7946876689317475,0.03464896110901819
230,1.9498856908974764,0.03464896110901819
231,3.729557635853124,0.03464896110901819
232,3.9202783409261808,0.03464896110901819
233,4.138370049404479,0.03464896110901819
234,6.456408172915775,0.03464896110901819
235,2.772872199449557,0.03464896110901819
236,3.8200534582329024,0.03464896110901819
237,11.207213384037681,0.03464896110901819
238,2.5097657734517624,0.03464896110901819
239,1.7882861348868042,0.03464896110901819
240,2.9683574111837365,0.03464896110901819
241,0.6186158956059228,0.03464896110901819
242,0.009764694366054113,0.009764694366054113
243,4.387451144733345,0.009764694366054113
244,3.507305982550669,0.009764694366054113
245,4.777065586547022,0.009764694366054113
246,1.7467145518600176,0.009764694366054113
247,0.43536695558346605,0.009764694366054113
248,0.9781990255586526,0.009764694366054113
249,2.460853515232441,0.009764694366054113
250,0.8849697954139626,0.009764694366054113
251,0.18253140564028533,0.009764694366054113
252,2.776120530568494,0.009764694366054113
253,1.3579723448544054,0.009764694366054113
254,1.5135925508319554,0.009764694366054113
255,3.5129146283637587,0.009764694366054113
256,1.6818296659065435,0.009764694366054113
257,2.1832613320244576,0.009764694366054113
258,4.149239295794036,0.009764694366054113
259,1.3019212406794722,0.009764694366054113
260,1.6260073518793128,0.009764694366054113
261,3.5867895310039075,0.009764694366054113
262,2.152885669229649,0.009764694366054113
263,3.221127159583899,0.009764694366054113
264,3.02981213621754,0.009764694366054113
265,0.5647242558628249,0.009764694366054113
266,0.8205213014534047,0.009764694366054113
267,1.675686248029947,0.009764694366054113
268,0.8692639758297606,0.009764694366054113
269,1.8262825964018488,0.009764694366054113
270,1.3655954752356325,0.009764694366054113
271,0.22602985945103823,0.009764694366054113
272,2.077632861251939,0.009764694366054113
273,1.224193786421374,0.009764694366054113
274,1.1045313506174592,0.009764694366054113
275,2.022723829733889,0.009764694366054113
276,1.9499960224656028,0.009764694366054113
277,1.197167827614867,0.009764694366054113
278,1.5544484449281533,0.009764694366054113
279,2.2571807001781847,0.009764694366054113
280,2.6644338800333824,0.009764694366054113
281,1.0227669225903273,0.009764694366054113
282,2.4289104725219897,0.009764694366054113
283,2.82103365519351,0.009764694366054113
284,0.9729277537499196,0.009764694366054113
285,0.8233711832101828,0.009764694366054113
286,2.6405387792653814,0.009764694366054113
287,1.239908085182713,0.009764694366054113
288,0.8150072562976014,0.009764694366054113
289,4.099890689099856,0.009764694366054113
290,1.7254426623360173,0.009764694366054113
291,3.3445407000818452,0.009764694366054113
292,5.535858853642628,0.009764694366054113
293,3.3661132672752925,0.009764694366054113
294,3.012627438316636,0.009764694366054113
295,3.0971763905788494,0.009764694366054113
296,0.14232653094371622,0.009764694366054113
297,0.668485233622397,0.009764694366054113
298,2.1783992901110203,0.009764694366054113
299,1.1011467948618,0.009764694366054113
300,1.5980421869073222,0.009764694366054113
301,1.9739448357567513,0.009764694366054113
302,0.10393539372800412,0.009764694366054113
303,1.3557817529210496,0.009764694366054113
304,0.8434587416923564,0.009764694366054113
305,0.47756395864369494,0.009764694366054113
306,0.9043222770272099,0.009764694366054113
307,0.7899816146131317,0.009764694366054113
308,0.9256271464043003,0.009764694366054113
309,1.589569941198903,0.009764694366054113
310,1.5846842503003125,0.009764694366054113
311,0.39125154379821475,0.009764694366054113
312,2.2317804226701217,0.009764694366054113
313,3.8194446076343906,0.009764694366054113
314,1.9159759700787808,0.009764694366054113
315,1.8337475907442067,0.009764694366054113
316,4.435964299287574,0.009764694366054113
317,3.6786447534638267,0.009764694366054113
318,4.0120262588681825,0.009764694366054113
319,4.612610140545058,0.009764694366054113
320,0.9143140708688203,0.009764694366054113
321,2.0373049193822013,0.009764694366054113
322,4.01488579769776,0.009764694366054113
323,1.2697597663274547,0.009764694366054113
324,1.5608784138978915,0.009764694366054113
325,2.313659205580999,0.009764694366054113
326,1.0258605522393995,0.009764694366054113
327,0.6407339875730454,0.009764694366054113
328,0.7222592907747535,0.009764694366054113
329,0.5135823174182731,0.009764694366054113
330,0.08644762417144194,0.009764694366054113
331,1.5041521536891986,0.009764694366054113
332,2.7533114223255306,0.009764694366054113
333,1.8614798611073113,0.009764694366054113
334,0.9349186025987127,0.009764694366054113
335,0.8569338850185273,0.009764694366054113
336,3.654432256341511,0.009764694366054113
337,1.5084146368236737,0.009764694366054113
338,2.876300975728994,0.009764694366054113
339,0.9981179311595185,0.009764694366054113
340,2.1765200779158085,0.009764694366054113
341,2.2556304158475813,0.009764694366054113
342,0.42741755840808293,0.009764694366054113
343,1.434117089344789,0.009764694366054113
344,2.9895099247494743,0.009764694366054113
345,1.2101746926930708,0.009764694366054113
346,1.6197513661057532,0.009764694366054113
347,0.8002863359529857,0.009764694366054113
348,1.4693215120645937,0.009764694366054113
349,2.164694440002496,0.009764694366054113
350,3.103219048034073,0.009764694366054113
351,1.2062253241483838,0.009764694366054113
352,1.2131400246217532,0.009764694366054113
353,2.1738009860964143,0.009764694366054113
354,1.520540001758341,0.009764694366054113
355,3.112035574133957,0.009764694366054113
356,2.7796804520633045,0.009764694366054113
357,0.28559748581209604,0.009764694366054113
358,1.5169898715176462,0.009764694366054113
359,1.9261534110248353,0.009764694366054113
360,0.26116124772748733,0.009764694366054113
361,1.9818294415475508,0.009764694366054113
362,3.0104720992269196,0.009764694366054113
363,0.8520414988886783,0.009764694366054113
364,0.557930754982789,0.009764694366054113
365,1.2036046402989038,0.009764694366054113
366,0.47525260194854896,0.009764694366054113
367,2.449520957531313,0.009764694366054113
368,3.4426825068503786,0.009764694366054113
369,2.9675968963900043,0.009764694366054113
370,1.9788888058767575,0.009764694366054113
371,0.6320248969296335,0.009764694366054113
372,1.1782582692112158,0.009764694366054113
373,0.9624012636470778,0.009764694366054113
374,2.7760972177042116,0.009764694366054113
375,0.9083840005377865,0.009764694366054113
376,1.2300516118550215,0.009764694366054113
377,0.03684735165224847,0.009764694366054113
378,0.3345029677923191,0.009764694366054113
379,1.4102973826830714,0.009764694366054113
380,0.9308364977116811,0.009764694366054113
381,0.30923837222611117,0.009764694366054113
382,0.5699888489328053,0.009764694366054113
383,1.4591078474630792,0.009764694366054113
384,0.8085867461962809,0.009764694366054113
385,6.897775536054379,0.009764694366054113
386,0.769212166168515,0.009764694366054113
387,2.1667375488925957,0.009764694366054113
388,0.2957234631884896,0.009764694366054113
389,0.055624867686459196,0.009764694366054113
390,1.2214785401214008,0.009764694366054113
391,0.31866353052452345,0.009764694366054113
392,0.3963535455531442,0.009764694366054113
393,2.343119638645594,0.009764694366054113
394,0.9072122853596318,0.009764694366054113
395,0.4899234071726514,0.009764694366054113
396,1.9235311372000505,0.009764694366054113
397,1.0277013962229216,0.009764694366054113
398,2.0890931505611543,0.009764694366054113
399,2.7664549246809864,0.009764694366054113
400,0.7871756202028912,0.009764694366054113
401,2.6141247966266925,0.009764694366054113
402,0.9170924207365685,0.009764694366054113
403,1.6387268209982762,0.009764694366054113
404,0.6177153646387809,0.009764694366054113
405,0.3119108722859682,0.009764694366054113
406,1.4409264440890888,0.009764694366054113
407,1.5561028955134433,0.009764694366054113
408,1.1927821650451171,0.009764694366054113
409,0.04798199880563538,0.009764694366054113
410,1.142586221053163,0.009764694366054113
411,0.9152954201480101,0.009764694366054113
412,3.976353095793115,0.009764694366054113
413,0.07671461227407245,0.009764694366054113
414,0.7050523180846194,0.009764694366054113
415,1.2427776513098634,0.009764694366054113
416,0.5069169474328548,0.009764694366054113
417,0.37884258603714627,0.009764694366054113
418,3.1775293238111244,0.009764694366054113
419,1.0761516848544563,0.009764694366054113
420,0.02727361451998777,0.009764694366054113
421,0.992566699216211,0.009764694366054113
422,0.9591863167481869,0.009764694366054113
423,2.5564847118634133,0.009764694366054113
424,3.963011732270579,0.009764694366054113
425,1.7583167440316776,0.009764694366054113
426,1.0695751696983689,0.009764694366054113
427,2.0589046297594042,0.009764694366054113
428,1.9805563635702113,0.009764694366054113
429,3.7646174014198692,0.009764694366054113
430,5.976357979069462,0.009764694366054113
431,0.8180670437914134,0.009764694366054113
432,0.05590040946032244,0.009764694366054113
433,0.2705105100401166,0.009764694366054113
434,0.25559853393885273,0.009764694366054113
435,0.9840501515483085,0.009764694366054113
436,0.7393019782444145,0.009764694366054113
437,1.1551170889670723,0.009764694366054113
438,1.122542609753712,0.009764694366054113
439,1.2457628394196014,0.009764694366054113
440,0.421090525502969,0.009764694366054113
441,0.518819822756497,0.009764694366054113
442,0.9456965262070315,0.009764694366054113
443,0.019653512845749923,0.009764694366054113
444,0.6444309062955634,0.009764694366054113
445,1.383320830984572,0.009764694366054113
446,3.824930315951519,0.009764694366054113
447,0.8572458401874296,0.009764694366054113
448,0.2544269929079058,0.009764694366054113
449,2.7785938926315885,0.009764694366054113
450,2.6615370591663727,0.009764694366054113
451,2.742460828190534,0.009764694366054113
452,4.72046291953539,0.009764694366054113
453,2.915918070698718,0.009764694366054113
454,1.7831554087300814,0.009764694366054113
455,2.4229904592643985,0.009764694366054113
456,1.2253211923161453,0.009764694366054113
457,1.3287976226474059,0.009764694366054113
458,0.16770167290401689,0.009764694366054113
459,3.4064559713060283,0.009764694366054113
460,7.000790231499394,0.009764694366054113
461,5.4105650263495075,0.009764694366054113
462,2.2154532867659333,0.009764694366054113
463,2.5057032955846377,0.009764694366054113
464,2.660432202846852,0.009764694366054113
465,1.594178023227885,0.009764694366054113
466,0.9228856439227386,0.009764694366054113
467,2.6617995243533605,0.009764694366054113
468,1.8948886012312083,0.009764694366054113
469,1.9050909247143037,0.009764694366054113
470,1.8128549095460107,0.009764694366054113
471,0.12158662221264309,0.009764694366054113
472,3.7689800771947937,0.009764694366054113
473,2.5529060134417456,0.009764694366054113
474,0.3982883995553862,0.009764694366054113
475,0.236047804656587,0.009764694366054113
476,2.6437406761714706,0.009764694366054113
477,0.08085791165954598,0.009764694366054113
478,0.24144438181874944,0.009764694366054113
479,2.6255707778667787,0.009764694366054113
480,0.2678551143192381,0.009764694366054113
481,0.9505000981373312,0.009764694366054113
482,3.32008575246009,0.009764694366054113
483,1.2640091977230734,0.009764694366054113
484,0.0507490379913528,0.009764694366054113
485,2.7383412125477844,0.009764694366054113
486,2.1860045412243743,0.009764694366054113
487,0.49647571844793253,0.009764694366054113
488,0.7484366813550718,0.009764694366054113
489,1.3582826548446494,0.009764694366054113
490,0.8266810730593537,0.009764694366054113
491,1.886721074340566,0.009764694366054113
492,0.049115881846769786,0.009764694366054113
493,1.808220419906543,0.009764694366054113
494,2.2402839306054227,0.009764694366054113
495,0.16384184883900962,0.009764694366054113
496,1.3576828211349474,0.009764694366054113
497,0.6459242754983231,0.009764694366054113
498,4.517911568213891,0.009764694366054113
499,3.651205457922702,0.009764694366054113
500,1.7558163964761253,0.009764694366054113
501,6.76961791709057,0.009764694366054113
502,0.6119285600384661,0.009764694366054113
503,2.662398636498391,0.009764694366054113
504,3.3882483149551383,0.009764694366054113
505,0.6088131241858584,0.009764694366054113
506,2.5457947686157123,0.009764694366054113
507,2.14478508379355,0.009764694366054113
508,0.8239864733042453,0.009764694366054113
509,2.2028279078482194,0.009764694366054113
510,0.15722696292169558,0.009764694366054113
511,3.0153498809812804,0.009764694366054113
512,0.6348482022684766,0.009764694366054113
513,2.827128118656119,0.009764694366054113
514,1.1913977977012995,0.009764694366054113
515,1.8798832072326395,0.009764694366054113
516,1.8704267549014222,0.009764694366054113
517,0.5983917901384571,0.009764694366054113
518,1.7256233044061133,0.009764694366054113
519,4.818260381920476,0.009764694366054113
520,1.2897860568227106,0.009764694366054113
521,1.5040207766907472,0.009764694366054113
522,3.271906332725566,0.009764694366054113
523,1.5290377855703414,0.009764694366054113
524,1.4977290074875598,0.009764694366054113
525,1.127012711220809,0.009764694366054113
526,1.365713867352184,0.009764694366054113
527,1.5379452320732132,0.009764694366054113
528,0.3376104578539191,0.009764694366054113
529,1.3602389168833635,0.009764694366054113
530,0.42150827529023416,0.009764694366054113
531,3.34522165646668,0.009764694366054113
532,2.493702177460672,0.009764694366054113
533,0.30386862548660476,0.009764694366054113
534,3.4445201569820187,0.009764694366054113
535,2.630581313901363,0.009764694366054113
536,1.0641888889289444,0.009764694366054113
537,2.740569541200177,0.009764694366054113
538,3.5629559598343086,0.009764694366054113
539,1.1351002479017351,0.009764694366054113
540,1.9483142417785901,0.009764694366054113
541,6.663322068971921,0.009764694366054113
542,2.941584852297717,0.009764694366054113
543,3.6166735242670915,0.009764694366054113
544,3.1749621596455433,0.009764694366054113
545,0.40017683048040764,0.009764694366054113
546,3.8300939450224925,0.009764694366054113
547,2.6849894443244784,0.009764694366054113
548,1.5148213565101667,0.009764694366054113
549,0.363020913840139,0.009764694366054113
550,3.916079848362475,0.009764694366054113
551,1.281821519172086,0.009764694366054113
552,1.0027824766065372,0.009764694366054113
553,5.090715195134581,0.009764694366054113
554,2.882924202988066,0.009764694366054113
555,2.275506625466378,0.009764694366054113
556,4.341498177881617,0.009764694366054113
557,0.7705426106456857,0.009764694366054113
558,3.1041049930286517,0.009764694366054113
559,5.279230120162954,0.009764694366054113
560,3.1381548072416385,0.009764694366054113
561,0.39174899841243455,0.009764694366054113
562,1.390357404452923,0.009764694366054113
563,1.6541068019183578,0.009764694366054113
564,0.4680839885960227,0.009764694366054113
565,1.4888378003712224,0.009764694366054113
566,1.303789299307105,0.009764694366054113
567,2.1310146938004118,0.009764694366054113
568,3.1659965582520675,0.009764694366054113
569,0.9454726192313541,0.009764694366054113
570,11.587489479462047,0.009764694366054113
571,1.6745400040807736,0.009764694366054113
572,2.0156971239755603,0.009764694366054113
573,1.3138549988199346,0.009764694366054113
574,1.5539210750867798,0.009764694366054113
575,0.7391114186535123,0.009764694366054113
576,2.2312485512642843,0.009764694366054113
577,0.2884156498993504,0.009764694366054113
578,2.0174818443836777,0.009764694366054113
579,1.158982235493758,0.009764694366054113
580,4.370700772134446,0.009764694366054113
581,2.1494365889201905,0.009764694366054113
582,0.8304572628552791,0.009764694366054113
583,0.3199969187404401,0.009764694366054113
584,0.598684420212867,0.009764694366054113
585,0.6412327604404556,0.009764694366054113
586,2.954468372395536,0.009764694366054113
587,2.3479580484118956,0.009764694366054113
588,3.0822380412015473,0.009764694366054113
589,2.7969512072957863,0.009764694366054113
590,2.349881249296819,0.009764694366054113
591,4.772037573973699,0.009764694366054113
592,4.787901240184392,0.009764694366054113
593,3.8198303917447025,0.009764694366054113
594,0.9934848296794461,0.009764694366054113
595,3.8067300278719887,0.009764694366054113
596,4.685601724494945,0.009764694366054113
597,1.8588941102830254,0.009764694366054113
598,3.510644888538466,0.009764694366054113
599,6.276064017253182,0.009764694366054113
600,5.32827791356394,0.009764694366054113
601,1.8166422053417801,0.009764694366054113
602,5.995490698437446,0.009764694366054113
603,1.9709411208864043,0.009764694366054113
604,0.8728061526392631,0.009764694366054113
605,3.267947765713252,0.009764694366054113
606,2.689022386702457,0.009764694366054113
607,8.722633324194728,0.009764694366054113
608,6.792154163599395,0.009764694366054113
609,3.013426430897106,0.009764694366054113
610,3.1735077103254223,0.009764694366054113
611,7.523488993453393,0.009764694366054113
612,0.6863892974517363,0.009764694366054113
613,7.683015044775059,0.009764694366054113
614,4.6160771997195456,0.009764694366054113
615,2.251485001303258,0.009764694366054113
616,1.138925183920411,0.009764694366054113
617,1.6643593887215333,0.009764694366054113
618,2.214773498902171,0.009764694366054113
619,1.8126228961372046,0.009764694366054113
620,4.704298754165208,0.009764694366054113
621,1.133079670938318,0.009764694366054113
622,0.9099798212137503,0.009764694366054113
623,1.6182234505924953,0.009764694366054113
624,1.5249023180040866,0.009764694366054113
625,3.8721385475068675,0.009764694366054113
626,3.9349954345633225,0.009764694366054113
627,1.6398021453314187,0.009764694366054113
628,0.997787772571805,0.009764694366054113
629,4.846513245759575,0.009764694366054113
630,1.4930726611549827,0.009764694366054113
631,0.9577987865484088,0.009764694366054113
632,3.9665785565326352,0.009764694366054113
633,0.5536454255657259,0.009764694366054113
634,0.08387334713040907,0.009764694366054113
635,0.6735072362863155,0.009764694366054113
636,0.033183188595170596,0.009764694366054113
637,0.10032950893655376,0.009764694366054113
638,1.2305378757445118,0.009764694366054113
639,1.8443653243590385,0.009764694366054113
640,0.5780004088349465,0.009764694366054113
641,0.3810903041518825,0.009764694366054113
642,1.6722743053455904,0.009764694366054113
643,1.0527354989377897,0.009764694366054113
644,2.573543226467078,0.009764694366054113
645,0.259784888148945,0.009764694366054113
646,1.7563606527017621,0.009764694366054113
647,0.4385587873446359,0.009764694366054113
648,1.8469231291336787,0.009764694366054113
649,1.5966526188270214,0.009764694366054113
650,1.3794862192155604,0.009764694366054113
651,2.864561225521875,0.009764694366054113
652,0.3737715933349538,0.009764694366054113
653,0.4548457344351816,0.009764694366054113
654,3.832944314529552,0.009764694366054113
655,0.47527503010565153,0.009764694366054113
656,0.5897533293904073,0.009764694366054113
657,1.814292063216816,0.009764694366054113
658,0.5098335650528141,0.009764694366054113
659,0.890869384574924,0.009764694366054113
660,1.1512108530881837,0.009764694366054113
661,0.5253046484332728,0.009764694366054113
662,0.4768259112088118,0.009764694366054113
663,0.6259238863063378,0.009764694366054113
664,1.0616566422617664,0.009764694366054113
665,1.6955232339706396,0.009764694366054113
666,2.517939465565884,0.009764694366054113
667,1.3351793536328243,0.009764694366054113
668,0.24623940469984523,0.009764694366054113
669,3.840740292643991,0.009764694366054113
670,0.8553694194092047,0.009764694366054113
671,1.452823859795941,0.009764694366054113
672,3.0498162544101572,0.009764694366054113
673,2.6743095739275047,0.009764694366054113
674,2.3064204307712335,0.009764694366054113
675,2.632385749552624,0.009764694366054113
676,0.17697761274732118,0.009764694366054113
677,0.5653082266478567,0.009764694366054113
678,1.1294826155142736,0.009764694366054113
679,0.8324035902081018,0.009764694366054113
680,0.5984012923496369,0.009764694366054113
681,0.19160049082115696,0.009764694366054113
682,6.495556823520427,0.009764694366054113
683,0.06764870046041735,0.009764694366054113
684,0.7600014213252883,0.009764694366054113
685,5.64097960458697,0.009764694366054113
686,1.2932076059515323,0.009764694366054113
687,2.8670186123480454,0.009764694366054113
688,1.414149161197418,0.009764694366054113
689,0.7554669452996984,0.009764694366054113
690,1.4245061689143657,0.009764694366054113
691,1.1202956978725318,0.009764694366054113
692,0.9250353296866392,0.009764694366054113
693,0.1251890351735224,0.009764694366054113
694,1.5528311142469045,0.009764694366054113
695,0.8289453980554213,0.009764694366054113
696,2.0407747190894074,0.009764694366054113
697,0.6020597873851774,0.009764694366054113
698,0.945522505399332,0.009764694366054113
699,0.47281535691223414,0.009764694366054113
700,0.4207749483509224,0.009764694366054113
701,2.993157797333867,0.009764694366054113
702,1.967532662434357,0.009764694366054113
703,1.3807532758105392,0.009764694366054113
704,1.5446598517033363,0.009764694366054113
705,2.047910610897415,0.009764694366054113
706,0.6857658306549663,0.009764694366054113
707,0.09688994757923086,0.009764694366054113
708,0.7931413785032762,0.009764694366054113
709,1.475237924549076,0.009764694366054113
710,0.07268971501911838,0.009764694366054113
711,1.7654244967729034,0.009764694366054113
712,1.92322386071066,0.009764694366054113
713,1.283726122292462,0.009764694366054113
714,1.2954521498058338,0.009764694366054113
715,1.7449336013885466,0.009764694366054113
716,1.3404603192903468,0.009764694366054113
717,1.3086699890631879,0.009764694366054113
718,3.4911023904998335,0.009764694366054113
719,2.9304816821046376,0.009764694366054113
720,0.6032563907496922,0.009764694366054113
721,0.2292111379526176,0.009764694366054113
722,5.512195710844861,0.009764694366054113
723,0.45720402478607336,0.009764694366054113
724,2.7445175007213947,0.009764694366054113
725,3.7183768386285903,0.009764694366054113
726,2.6242568512531665,0.009764694366054113
727,3.556164671670116,0.009764694366054113
728,3.9800009184308283,0.009764694366054113
729,3.140178865050023,0.009764694366054113
730,1.8077697927210805,0.009764694366054113
731,2.688822746432876,0.009764694366054113
732,0.06679186667010013,0.009764694366054113
733,0.6023005051107992,0.009764694366054113
734,1.3998353726334067,0.009764694366054113
735,0.05241624140557158,0.009764694366054113
736,1.2665064585488486,0.009764694366054113
737,5.275467549880432,0.009764694366054113
738,2.996913741170241,0.009764694366054113
739,2.5433451842399584,0.009764694366054113
740,4.8278220967022,0.009764694366054113
741,2.3132011149869975,0.009764694366054113
742,0.3170707579625167,0.009764694366054113
743,1.2643010229494727,0.009764694366054113
744,0.14166362709245156,0.009764694366054113
745,0.8340145326614034,0.009764694366054113
746,2.555382459612436,0.009764694366054113
747,0.42754760325047075,0.009764694366054113
748,0.7917147739060667,0.009764694366054113
749,1.6188882422608062,0.009764694366054113
750,1.8850650942227807,0.009764694366054113
751,0.3615931723832282,0.009764694366054113
752,2.0185988801615196,0.009764694366054113
753,2.766102164223207,0.009764694366054113
754,0.2960189450605761,0.009764694366054113
755,1.7607028552727295,0.009764694366054113
756,4.523649232891866,0.009764694366054113
757,2.8120595336847924,0.009764694366054113
758,3.18314708997242,0.009764694366054113
759,5.817597905622324,0.009764694366054113
760,1.8207339208339934,0.009764694366054113
761,5.450376969649219,0.009764694366054113
762,4.5295909444934805,0.009764694366054113
763,2.08832697600009,0.009764694366054113
764,1.1204771201697405,0.009764694366054113
765,2.544787677161618,0.009764694366054113
766,0.978774896494298,0.009764694366054113
767,0.7242140246018195,0.009764694366054113
768,2.205614286025377,0.009764694366054113
769,0.16959730849529092,0.009764694366054113
770,0.9880101072079159,0.009764694366054113
771,2.164123514025087,0.009764694366054113
772,0.7779970797942678,0.009764694366054113
773,0.5927957058720509,0.009764694366054113
774,2.7640061172190618,0.009764694366054113
775,3.129661641168994,0.009764694366054113
776,1.7821926997660014,0.009764694366054113
777,5.05235589819544,0.009764694366054113
778,2.373051483180106,0.009764694366054113
779,3.511834385250527,0.009764694366054113
780,7.068102900936229,0.009764694366054113
781,5.143320476369257,0.009764694366054113
782,1.2370841727432584,0.009764694366054113
783,3.2755975887506654,0.009764694366054113
784,0.39163687946749354,0.009764694366054113
785,2.1368400845039646,0.009764694366054113
786,2.656862206113217,0.009764694366054113
787,1.6364189777755076,0.009764694366054113
788,0.1066822251192459,0.009764694366054113
789,3.3771334926156076,0.009764694366054113
790,1.7266066467052086,0.009764694366054113
791,4.861056577300309,0.009764694366054113
792,1.7529142651738805,0.009764694366054113
793,2.7645812284736064,0.009764694366054113
794,5.718781565549603,0.009764694366054113
795,3.243318271035368,0.009764694366054113
796,2.722984804968304,0.009764694366054113
797,1.6950516538599718,0.009764694366054113
798,2.7919760633996993,0.009764694366054113
799,1.6903955783637539,0.009764694366054113
800,1.5770597411119915,0.009764694366054113
801,1.9482650711663565,0.009764694366054113
802,1.4216248329545145,0.009764694366054113
803,2.3327020998344854,0.009764694366054113
804,1.6139761103011923,0.009764694366054113
805,0.7071587444126514,0.009764694366054113
806,3.62635941299734,0.009764694366054113
807,1.0966890821218775,0.009764694366054113
808,5.49509203039834,0.009764694366054113
809,3.4172512554126464,0.009764694366054113
810,2.837553788724276,0.009764694366054113
811,1.8803205981846178,0.009764694366054113
812,2.567145881672601,0.009764694366054113
813,3.6891049480369063,0.009764694366054113
814,5.759049036916833,0.009764694366054113
815,4.710371715708329,0.009764694366054113
816,6.119841459970349,0.009764694366054113
817,4.728161232668164,0.009764694366054113
