model,dataset,epsilon,rep,timing_D
mobilenetv2,cifar10,0.03,0,0.7973755035136315
mobilenetv2,cifar10,0.03,1,0.33133807504583196
mobilenetv2,cifar10,0.03,2,0.9586318868581991
mobilenetv2,cifar10,0.03,3,0.46876446023997803
mobilenetv2,cifar10,0.03,4,1.6311571620471892
mobilenetv2,cifar10,0.1,0,1.1635602749422496
mobilenetv2,cifar10,0.1,1,1.553033869068674
mobilenetv2,cifar10,0.1,2,0.37461174290330906
mobilenetv2,cifar10,0.1,3,1.7363915925584303
mobilenetv2,cifar10,0.1,4,3.7398668774209134
mobilenetv2,cifar10,0.3,0,1.3824175899646556
mobilenetv2,cifar10,0.3,1,2.7896794910572598
mobilenetv2,cifar10,0.3,2,2.4304072704793382
mobilenetv2,cifar10,0.3,3,5.750209202604721
mobilenetv2,cifar10,0.3,4,5.198558253643745
mobilenetv2,cifar10,0.5,0,5.27150831877858
mobilenetv2,cifar10,0.5,1,4.029088761980806
mobilenetv2,cifar10,0.5,2,4.321449966632191
mobilenetv2,cifar10,0.5,3,1.209096504503448
mobilenetv2,cifar10,0.5,4,1.392130661508059
mobilenetv2,tinyimagenet,0.03,0,0.49822057692881394
mobilenetv2,tinyimagenet,0.03,1,0.08626872851787955
mobilenetv2,tinyimagenet,0.03,2,0.0442948679210292
mobilenetv2,tinyimagenet,0.03,3,0.6962680438860338
mobilenetv2,tinyimagenet,0.03,4,0.15236440112344257
mobilenetv2,tinyimagenet,0.1,0,0.5422814357159793
mobilenetv2,tinyimagenet,0.1,1,0.3563630725243448
mobilenetv2,tinyimagenet,0.1,2,1.0277718330940397
mobilenetv2,tinyimagenet,0.1,3,0.059770999545591175
mobilenetv2,tinyimagenet,0.1,4,0.21220503252942766
mobilenetv2,tinyimagenet,0.3,0,0.4976889286616111
mobilenetv2,tinyimagenet,0.3,1,0.4108972155576286
mobilenetv2,tinyimagenet,0.3,2,0.35026706190551526
mobilenetv2,tinyimagenet,0.3,3,0.40442513579497846
mobilenetv2,tinyimagenet,0.3,4,0.6769037500377565
mobilenetv2,tinyimagenet,0.5,0,0.09589350098307643
mobilenetv2,tinyimagenet,0.5,1,1.0889864614931923
mobilenetv2,tinyimagenet,0.5,2,0.5174973367837858
mobilenetv2,tinyimagenet,0.5,3,0.6951711078329372
mobilenetv2,tinyimagenet,0.5,4,0.08330292295516517
mobilenetv2,imagenetmini,0.03,0,0.6018406422648097
mobilenetv2,imagenetmini,0.03,1,0.5104427307195003
mobilenetv2,imagenetmini,0.03,2,0.0688372909933237
mobilenetv2,imagenetmini,0.03,3,0.7536867456814341
mobilenetv2,imagenetmini,0.03,4,0.775128405838685
mobilenetv2,imagenetmini,0.1,0,0.35104705713074663
mobilenetv2,imagenetmini,0.1,1,0.011154530322062177
mobilenetv2,imagenetmini,0.1,2,6.337045312212377
mobilenetv2,imagenetmini,0.1,3,1.7306902739258117
mobilenetv2,imagenetmini,0.1,4,12.41201849202008
mobilenetv2,imagenetmini,0.3,0,0.5421062773118721
mobilenetv2,imagenetmini,0.3,1,0.7351878768222234
mobilenetv2,imagenetmini,0.3,2,0.1534110429973491
mobilenetv2,imagenetmini,0.3,3,0.29036300885308924
mobilenetv2,imagenetmini,0.3,4,0.13106768019705584
mobilenetv2,imagenetmini,0.5,0,0.38851067553165847
mobilenetv2,imagenetmini,0.5,1,0.14522861511377336
mobilenetv2,imagenetmini,0.5,2,0.7449955727980567
mobilenetv2,imagenetmini,0.5,3,0.29586759233825294
mobilenetv2,imagenetmini,0.5,4,1.9294419419846895
mobilenetv2,synthetic,0.03,0,0.5195764524764673
mobilenetv2,synthetic,0.03,1,0.7183163830239653
mobilenetv2,synthetic,0.03,2,0.4938108214442116
mobilenetv2,synthetic,0.03,3,1.322932633742828
mobilenetv2,synthetic,0.03,4,0.9414983621416647
mobilenetv2,synthetic,0.1,0,0.1662833204792987
mobilenetv2,synthetic,0.1,1,0.19444750870274477
mobilenetv2,synthetic,0.1,2,1.933461376344406
mobilenetv2,synthetic,0.1,3,0.18691180799276405
mobilenetv2,synthetic,0.1,4,2.4166817217776875
mobilenetv2,synthetic,0.3,0,2.228622854847283
mobilenetv2,synthetic,0.3,1,0.37250967271311447
mobilenetv2,synthetic,0.3,2,2.218909012174185
mobilenetv2,synthetic,0.3,3,1.2693577547102384
mobilenetv2,synthetic,0.3,4,0.34882023896840414
mobilenetv2,synthetic,0.5,0,1.2947970386064023
mobilenetv2,synthetic,0.5,1,2.1251141702231506
mobilenetv2,synthetic,0.5,2,0.7822564770709877
mobilenetv2,synthetic,0.5,3,1.052358482380832
mobilenetv2,synthetic,0.5,4,3.7395346419656903
squeezenet,cifar10,0.03,0,0.38214098779782063
squeezenet,cifar10,0.03,1,0.09827922561753628
squeezenet,cifar10,0.03,2,0.24296485521104122
squeezenet,cifar10,0.03,3,1.1378981853527101
squeezenet,cifar10,0.03,4,1.1908077704659754
squeezenet,cifar10,0.1,0,0.747168375738266
squeezenet,cifar10,0.1,1,0.35219785382224156
squeezenet,cifar10,0.1,2,0.20716841087288398
squeezenet,cifar10,0.1,3,0.03093259315203164
squeezenet,cifar10,0.1,4,0.6060346164660999
squeezenet,cifar10,0.3,0,0.5282029809059352
squeezenet,cifar10,0.3,1,1.4172984593996358
squeezenet,cifar10,0.3,2,0.04815565515484661
squeezenet,cifar10,0.3,3,2.162625046382963
squeezenet,cifar10,0.3,4,0.41544728932880803
squeezenet,cifar10,0.5,0,2.562170190158964
squeezenet,cifar10,0.5,1,1.2743586192820642
squeezenet,cifar10,0.5,2,2.0245906253291217
squeezenet,cifar10,0.5,3,0.0672391409653549
squeezenet,cifar10,0.5,4,1.5789187821532498
squeezenet,tinyimagenet,0.03,0,1.3348120662457321
squeezenet,tinyimagenet,0.03,1,0.8431781938455456
squeezenet,tinyimagenet,0.03,2,1.2896396866397182
squeezenet,tinyimagenet,0.03,3,0.7234645930298397
squeezenet,tinyimagenet,0.03,4,0.42523162945511395
squeezenet,tinyimagenet,0.1,0,0.3356272269316385
squeezenet,tinyimagenet,0.1,1,1.1744370164313465
squeezenet,tinyimagenet,0.1,2,1.3481371465086134
squeezenet,tinyimagenet,0.1,3,0.37003763705960474
squeezenet,tinyimagenet,0.1,4,0.28176497384761534
squeezenet,tinyimagenet,0.3,0,0.3004432439321301
squeezenet,tinyimagenet,0.3,1,0.7729714641518575
squeezenet,tinyimagenet,0.3,2,2.1626984666662277
squeezenet,tinyimagenet,0.3,3,0.20869033577258236
squeezenet,tinyimagenet,0.3,4,1.5123880811705106
squeezenet,tinyimagenet,0.5,0,0.20887265717589468
squeezenet,tinyimagenet,0.5,1,2.2118408056605445
squeezenet,tinyimagenet,0.5,2,0.01753905604019554
squeezenet,tinyimagenet,0.5,3,1.1571011132450257
squeezenet,tinyimagenet,0.5,4,1.4941428173451985
squeezenet,imagenetmini,0.03,0,1.6057730616308734
squeezenet,imagenetmini,0.03,1,3.5154444960627638
squeezenet,imagenetmini,0.03,2,1.0614078998917231
squeezenet,imagenetmini,0.03,3,1.8041912837212823
squeezenet,imagenetmini,0.03,4,0.2642879159849566
squeezenet,imagenetmini,0.1,0,0.9241086189223717
squeezenet,imagenetmini,0.1,1,3.5156123961286343
squeezenet,imagenetmini,0.1,2,1.9730893170310504
squeezenet,imagenetmini,0.1,3,0.10975984165576709
squeezenet,imagenetmini,0.1,4,2.672838934143032
squeezenet,imagenetmini,0.3,0,2.358070583132102
squeezenet,imagenetmini,0.3,1,1.0948909979908483
squeezenet,imagenetmini,0.3,2,3.9156629802692318
squeezenet,imagenetmini,0.3,3,4.960016683585989
squeezenet,imagenetmini,0.3,4,4.372137677733415
squeezenet,imagenetmini,0.5,0,4.407950838010091
squeezenet,imagenetmini,0.5,1,8.454165229740937
squeezenet,imagenetmini,0.5,2,4.8702235584057245
squeezenet,imagenetmini,0.5,3,7.473702190749527
squeezenet,imagenetmini,0.5,4,6.916446776027923
squeezenet,synthetic,0.03,0,7.09689937457316
squeezenet,synthetic,0.03,1,5.911758292305708
squeezenet,synthetic,0.03,2,7.1095273562691155
squeezenet,synthetic,0.03,3,3.1651576847693783
squeezenet,synthetic,0.03,4,7.123335119498877
squeezenet,synthetic,0.1,0,6.750072865102392
squeezenet,synthetic,0.1,1,6.525474148608384
squeezenet,synthetic,0.1,2,5.3746205481974565
squeezenet,synthetic,0.1,3,5.259980007975154
squeezenet,synthetic,0.1,4,5.324037447315545
squeezenet,synthetic,0.3,0,4.184776605016356
squeezenet,synthetic,0.3,1,3.010316762824393
squeezenet,synthetic,0.3,2,5.827199466632466
squeezenet,synthetic,0.3,3,3.641077134703151
squeezenet,synthetic,0.3,4,3.53893664542341
squeezenet,synthetic,0.5,0,3.910908008359044
squeezenet,synthetic,0.5,1,4.968280468486966
squeezenet,synthetic,0.5,2,2.9626149121855083
squeezenet,synthetic,0.5,3,3.384560106471052
squeezenet,synthetic,0.5,4,4.527973052006264
resnet18,cifar10,0.03,0,4.046333892864665
resnet18,cifar10,0.03,1,4.733307117025356
resnet18,cifar10,0.03,2,4.174317418735402
resnet18,cifar10,0.03,3,3.3692932221201235
resnet18,cifar10,0.03,4,3.5716545278787883
resnet18,cifar10,0.1,0,4.908332515932228
resnet18,cifar10,0.1,1,4.253811728763649
resnet18,cifar10,0.1,2,3.521798689936459
resnet18,cifar10,0.1,3,3.658453581935228
resnet18,cifar10,0.1,4,3.3784298706277416
resnet18,cifar10,0.3,0,4.330076413882178
resnet18,cifar10,0.3,1,3.870683293772046
resnet18,cifar10,0.3,2,3.1568236780118135
resnet18,cifar10,0.3,3,3.2899890939969296
resnet18,cifar10,0.3,4,3.8254851863448325
resnet18,cifar10,0.5,0,3.502092087443327
resnet18,cifar10,0.5,1,2.917117649575263
resnet18,cifar10,0.5,2,3.535419930998067
resnet18,cifar10,0.5,3,2.590141826245278
resnet18,cifar10,0.5,4,3.035414318182557
resnet18,tinyimagenet,0.03,0,8.13076730786382
resnet18,tinyimagenet,0.03,1,10.769190678399013
resnet18,tinyimagenet,0.03,2,7.224441840142056
resnet18,tinyimagenet,0.03,3,8.976795486685678
resnet18,tinyimagenet,0.03,4,6.929654687121484
resnet18,tinyimagenet,0.1,0,8.05854810532973
resnet18,tinyimagenet,0.1,1,7.905890096847859
resnet18,tinyimagenet,0.1,2,9.685865793753075
resnet18,tinyimagenet,0.1,3,8.045235565119386
resnet18,tinyimagenet,0.1,4,11.250984821321648
resnet18,tinyimagenet,0.3,0,8.891665820324121
resnet18,tinyimagenet,0.3,1,10.370792454923203
resnet18,tinyimagenet,0.3,2,8.060344257434348
resnet18,tinyimagenet,0.3,3,9.504961582022581
resnet18,tinyimagenet,0.3,4,7.6279379465601815
resnet18,tinyimagenet,0.5,0,8.96951538398033
resnet18,tinyimagenet,0.5,1,6.410831903104424
resnet18,tinyimagenet,0.5,2,6.793468246904501
resnet18,tinyimagenet,0.5,3,4.622593218335072
resnet18,tinyimagenet,0.5,4,7.4529860416025375
resnet18,imagenetmini,0.03,0,3.9827293647578785
resnet18,imagenetmini,0.03,1,5.719023489353373
resnet18,imagenetmini,0.03,2,5.773420099604721
resnet18,imagenetmini,0.03,3,7.826370971459976
resnet18,imagenetmini,0.03,4,6.029153362301353
resnet18,imagenetmini,0.1,0,5.979446761580448
resnet18,imagenetmini,0.1,1,6.700751257243892
resnet18,imagenetmini,0.1,2,7.04923003542789
resnet18,imagenetmini,0.1,3,5.196637231743104
resnet18,imagenetmini,0.1,4,6.784262839940273
resnet18,imagenetmini,0.3,0,5.801054046463356
resnet18,imagenetmini,0.3,1,6.19752748950597
resnet18,imagenetmini,0.3,2,5.799409521364902
resnet18,imagenetmini,0.3,3,5.602867998892844
resnet18,imagenetmini,0.3,4,3.6401318190785923
resnet18,imagenetmini,0.5,0,5.4310834063061595
resnet18,imagenetmini,0.5,1,4.885661532008025
resnet18,imagenetmini,0.5,2,5.985599166023914
resnet18,imagenetmini,0.5,3,5.400262683052824
resnet18,imagenetmini,0.5,4,5.8127365335941725
resnet18,synthetic,0.03,0,9.882967293561382
resnet18,synthetic,0.03,1,11.929602874939107
resnet18,synthetic,0.03,2,8.305402594389763
resnet18,synthetic,0.03,3,11.49233064958342
resnet18,synthetic,0.03,4,9.917431618158746
resnet18,synthetic,0.1,0,11.888451364110841
resnet18,synthetic,0.1,1,11.370877501464095
resnet18,synthetic,0.1,2,13.320612294584016
resnet18,synthetic,0.1,3,12.295002308706122
resnet18,synthetic,0.1,4,13.182499874877907
resnet18,synthetic,0.3,0,12.610238502151983
resnet18,synthetic,0.3,1,13.47728154533226
resnet18,synthetic,0.3,2,14.148466309953468
resnet18,synthetic,0.3,3,13.723058722550917
resnet18,synthetic,0.3,4,9.208176068296401
resnet18,synthetic,0.5,0,12.593751688159244
resnet18,synthetic,0.5,1,17.979449757920516
resnet18,synthetic,0.5,2,15.185477558666332
resnet18,synthetic,0.5,3,9.694354650937662
resnet18,synthetic,0.5,4,13.990714010146545
efficientnet,cifar10,0.03,0,5.267487428101869
efficientnet,cifar10,0.03,1,6.381004947240742
efficientnet,cifar10,0.03,2,5.632179963301704
efficientnet,cifar10,0.03,3,6.6746128787054895
efficientnet,cifar10,0.03,4,5.776928726406787
efficientnet,cifar10,0.1,0,5.483406782013224
efficientnet,cifar10,0.1,1,5.898389748312148
efficientnet,cifar10,0.1,2,5.279527335789692
efficientnet,cifar10,0.1,3,5.7972839485857515
efficientnet,cifar10,0.1,4,5.347882678801134
efficientnet,cifar10,0.3,0,5.838233441780223
efficientnet,cifar10,0.3,1,6.139521728081515
efficientnet,cifar10,0.3,2,6.97339962353571
efficientnet,cifar10,0.3,3,6.5492328781931635
efficientnet,cifar10,0.3,4,8.008138512761896
efficientnet,cifar10,0.5,0,5.121639676218543
efficientnet,cifar10,0.5,1,6.0490812462506245
efficientnet,cifar10,0.5,2,4.968979804106892
efficientnet,cifar10,0.5,3,3.700916849607665
efficientnet,cifar10,0.5,4,4.630878533793242
efficientnet,tinyimagenet,0.03,0,5.80794851166893
efficientnet,tinyimagenet,0.03,1,5.323491765516512
efficientnet,tinyimagenet,0.03,2,5.660391765579481
efficientnet,tinyimagenet,0.03,3,3.4958197440387786
efficientnet,tinyimagenet,0.03,4,4.9912927041682655
efficientnet,tinyimagenet,0.1,0,6.28068091638132
efficientnet,tinyimagenet,0.1,1,5.724824386391373
efficientnet,tinyimagenet,0.1,2,2.5802911589513147
efficientnet,tinyimagenet,0.1,3,4.936137023543908
efficientnet,tinyimagenet,0.1,4,5.028179715228845
efficientnet,tinyimagenet,0.3,0,4.072450401223381
efficientnet,tinyimagenet,0.3,1,6.606206800677496
efficientnet,tinyimagenet,0.3,2,4.545362214603221
efficientnet,tinyimagenet,0.3,3,6.61032254772498
efficientnet,tinyimagenet,0.3,4,4.9787680040354845
efficientnet,tinyimagenet,0.5,0,5.985425907917753
efficientnet,tinyimagenet,0.5,1,5.984423048146895
efficientnet,tinyimagenet,0.5,2,6.563088464272905
efficientnet,tinyimagenet,0.5,3,5.208620504236961
efficientnet,tinyimagenet,0.5,4,7.227736556935351
efficientnet,imagenetmini,0.03,0,4.753527586865607
efficientnet,imagenetmini,0.03,1,4.895330630120941
efficientnet,imagenetmini,0.03,2,3.9644192649240515
efficientnet,imagenetmini,0.03,3,6.086951285843731
efficientnet,imagenetmini,0.03,4,4.319634400500505
efficientnet,imagenetmini,0.1,0,4.027818452681276
efficientnet,imagenetmini,0.1,1,4.071706818163583
efficientnet,imagenetmini,0.1,2,4.742315711711936
efficientnet,imagenetmini,0.1,3,4.284155353281626
efficientnet,imagenetmini,0.1,4,3.5693644031111678
efficientnet,imagenetmini,0.3,0,4.382251630728628
efficientnet,imagenetmini,0.3,1,4.0066477371538065
efficientnet,imagenetmini,0.3,2,3.911974166254053
efficientnet,imagenetmini,0.3,3,0.43564988923137454
efficientnet,imagenetmini,0.3,4,3.421160800338094
efficientnet,imagenetmini,0.5,0,1.8060810720346827
efficientnet,imagenetmini,0.5,1,1.9680751227818947
efficientnet,imagenetmini,0.5,2,4.5338513335678625
efficientnet,imagenetmini,0.5,3,5.215462919125089
efficientnet,imagenetmini,0.5,4,5.841606140208385
efficientnet,synthetic,0.03,0,1.226982699424858
efficientnet,synthetic,0.03,1,2.2125894888621453
efficientnet,synthetic,0.03,2,2.4038505781349264
efficientnet,synthetic,0.03,3,4.978756950151222
efficientnet,synthetic,0.03,4,5.026563657762018
efficientnet,synthetic,0.1,0,5.423408658480123
efficientnet,synthetic,0.1,1,1.6906454052471893
efficientnet,synthetic,0.1,2,1.3299008981469713
efficientnet,synthetic,0.1,3,3.655170098205616
efficientnet,synthetic,0.1,4,5.405051158152256
efficientnet,synthetic,0.3,0,3.328839192529004
efficientnet,synthetic,0.3,1,2.7915026210940255
efficientnet,synthetic,0.3,2,2.471749109761336
efficientnet,synthetic,0.3,3,1.2073469885913253
efficientnet,synthetic,0.3,4,4.101460329222168
efficientnet,synthetic,0.5,0,2.7487860375035007
efficientnet,synthetic,0.5,1,0.010518034095674492
efficientnet,synthetic,0.5,2,1.6840219612005942
efficientnet,synthetic,0.5,3,4.4779249645477845
efficientnet,synthetic,0.5,4,4.4657244344405775
